-- phpMyAdmin SQL Dump
-- version 4.5.1
-- http://www.phpmyadmin.net
--
-- Host: 127.0.0.1
-- Generation Time: Apr 16, 2017 at 04:31 PM
-- Server version: 10.1.13-MariaDB
-- PHP Version: 7.0.6

SET SQL_MODE = "NO_AUTO_VALUE_ON_ZERO";
SET time_zone = "+00:00";


/*!40101 SET @OLD_CHARACTER_SET_CLIENT=@@CHARACTER_SET_CLIENT */;
/*!40101 SET @OLD_CHARACTER_SET_RESULTS=@@CHARACTER_SET_RESULTS */;
/*!40101 SET @OLD_COLLATION_CONNECTION=@@COLLATION_CONNECTION */;
/*!40101 SET NAMES utf8mb4 */;

--
-- Database: `bic_mark_ms`
--

-- --------------------------------------------------------

--
-- Table structure for table `ci_sessions`
--

CREATE TABLE `ci_sessions` (
  `id` varchar(128) NOT NULL,
  `ip_address` varchar(45) NOT NULL,
  `timestamp` int(10) UNSIGNED NOT NULL DEFAULT '0',
  `data` blob NOT NULL
) ENGINE=InnoDB DEFAULT CHARSET=latin1;

--
-- Dumping data for table `ci_sessions`
--

INSERT INTO `ci_sessions` (`id`, `ip_address`, `timestamp`, `data`) VALUES
('572cb2494adcb2c68ecbf6114a2d55ada6fe22d0', '::1', 1491046306, 0x6d6d737c613a363a7b733a323a226964223b733a313a2235223b733a383a22757365726e616d65223b733a333a226d736d223b733a343a226e616d65223b733a31323a2253756e646172616d6f68616e223b733a393a226c6f676765645f696e223b623a313b733a343a2264657074223b733a313a2231223b733a343a22726f6c65223b733a313a2233223b7d5f5f63695f6c6173745f726567656e65726174657c693a313439313034363330363b),
('6407ddd5adfcced59692887aa5094f617b55c5ec', '::1', 1491046621, 0x5f5f63695f6c6173745f726567656e65726174657c693a313439313034363632313b),
('97bdadb003e6fb3baf7cc19b25dcdee2316868bf', '::1', 1491046939, 0x6d6d737c613a363a7b733a323a226964223b733a313a2235223b733a383a22757365726e616d65223b733a333a226d736d223b733a343a226e616d65223b733a31323a2253756e646172616d6f68616e223b733a393a226c6f676765645f696e223b623a313b733a343a2264657074223b733a313a2231223b733a343a22726f6c65223b733a313a2233223b7d5f5f63695f6c6173745f726567656e65726174657c693a313439313034363933393b),
('f3a18b19092a53a751015963019092463e68895c', '::1', 1491049279, 0x5f5f63695f6c6173745f726567656e65726174657c693a313439313034393237393b),
('c06674f9ad038a563942eda550ea693bab8f7ea8', '::1', 1491050075, 0x5f5f63695f6c6173745f726567656e65726174657c693a313439313035303037353b),
('0a8597ff08161538aa0e3a2caf652bad3bef0fd5', '::1', 1491050398, 0x5f5f63695f6c6173745f726567656e65726174657c693a313439313035303339383b6d6d737c613a363a7b733a323a226964223b733a313a2235223b733a383a22757365726e616d65223b733a333a226d736d223b733a343a226e616d65223b733a31323a2253756e646172616d6f68616e223b733a393a226c6f676765645f696e223b623a313b733a343a2264657074223b733a313a2231223b733a343a22726f6c65223b733a313a2233223b7d),
('413e79522c345cf18bc7e4b349ac47f6aa77ce21', '::1', 1491050900, 0x6d6d737c613a363a7b733a323a226964223b733a313a2235223b733a383a22757365726e616d65223b733a333a226d736d223b733a343a226e616d65223b733a31323a2253756e646172616d6f68616e223b733a393a226c6f676765645f696e223b623a313b733a343a2264657074223b733a313a2231223b733a343a22726f6c65223b733a313a2233223b7d5f5f63695f6c6173745f726567656e65726174657c693a313439313035303930303b),
('0b4e042e9929da05a9ac3a1dbb7a22d1fb01c4d7', '::1', 1491051217, 0x5f5f63695f6c6173745f726567656e65726174657c693a313439313035313231373b6d6d737c613a363a7b733a323a226964223b733a313a2235223b733a383a22757365726e616d65223b733a333a226d736d223b733a343a226e616d65223b733a31323a2253756e646172616d6f68616e223b733a393a226c6f676765645f696e223b623a313b733a343a2264657074223b733a313a2231223b733a343a22726f6c65223b733a313a2233223b7d),
('815fb87924da8685febef24f9f6b7c4175653af7', '::1', 1491051539, 0x5f5f63695f6c6173745f726567656e65726174657c693a313439313035313533393b6d6d737c613a363a7b733a323a226964223b733a313a2235223b733a383a22757365726e616d65223b733a333a226d736d223b733a343a226e616d65223b733a31323a2253756e646172616d6f68616e223b733a393a226c6f676765645f696e223b623a313b733a343a2264657074223b733a313a2231223b733a343a22726f6c65223b733a313a2233223b7d),
('129a7a2a831c34140b2c9f6b3e7403320165e65e', '::1', 1491052055, 0x5f5f63695f6c6173745f726567656e65726174657c693a313439313035323035353b6d6d737c613a363a7b733a323a226964223b733a313a2235223b733a383a22757365726e616d65223b733a333a226d736d223b733a343a226e616d65223b733a31323a2253756e646172616d6f68616e223b733a393a226c6f676765645f696e223b623a313b733a343a2264657074223b733a313a2231223b733a343a22726f6c65223b733a313a2233223b7d),
('9db69d51f9b9c8ba6d3abd9a0c1133df509a5bd3', '::1', 1491052706, 0x5f5f63695f6c6173745f726567656e65726174657c693a313439313035323730363b6d6d737c613a363a7b733a323a226964223b733a313a2235223b733a383a22757365726e616d65223b733a333a226d736d223b733a343a226e616d65223b733a31323a2253756e646172616d6f68616e223b733a393a226c6f676765645f696e223b623a313b733a343a2264657074223b733a313a2231223b733a343a22726f6c65223b733a313a2233223b7d),
('7fef3f450ba999c1724e24e64d926c34316b00ca', '::1', 1491053227, 0x5f5f63695f6c6173745f726567656e65726174657c693a313439313035333232373b6d6d737c613a363a7b733a323a226964223b733a313a2235223b733a383a22757365726e616d65223b733a333a226d736d223b733a343a226e616d65223b733a31323a2253756e646172616d6f68616e223b733a393a226c6f676765645f696e223b623a313b733a343a2264657074223b733a313a2231223b733a343a22726f6c65223b733a313a2233223b7d),
('3224e0ce40470ae5404a79d5b2d46b150d1ae427', '::1', 1491053800, 0x5f5f63695f6c6173745f726567656e65726174657c693a313439313035333830303b6d6d737c613a363a7b733a323a226964223b733a313a2235223b733a383a22757365726e616d65223b733a333a226d736d223b733a343a226e616d65223b733a31323a2253756e646172616d6f68616e223b733a393a226c6f676765645f696e223b623a313b733a343a2264657074223b733a313a2231223b733a343a22726f6c65223b733a313a2233223b7d),
('f206a3cb21e72041aa2f2719fb65a0a2d4c10d30', '::1', 1491054328, 0x5f5f63695f6c6173745f726567656e65726174657c693a313439313035343332383b),
('b6149e2b5f558e63983adf3147cb789f35420767', '::1', 1491054659, 0x6d6d737c613a363a7b733a323a226964223b733a313a2235223b733a383a22757365726e616d65223b733a333a226d736d223b733a343a226e616d65223b733a31323a2253756e646172616d6f68616e223b733a393a226c6f676765645f696e223b623a313b733a343a2264657074223b733a313a2231223b733a343a22726f6c65223b733a313a2233223b7d5f5f63695f6c6173745f726567656e65726174657c693a313439313035343635393b),
('909f2a651a188b1cb194aa8fe96f84fc5c499207', '::1', 1491055193, 0x5f5f63695f6c6173745f726567656e65726174657c693a313439313035353139333b6d6d737c613a363a7b733a323a226964223b733a313a2235223b733a383a22757365726e616d65223b733a333a226d736d223b733a343a226e616d65223b733a31323a2253756e646172616d6f68616e223b733a393a226c6f676765645f696e223b623a313b733a343a2264657074223b733a313a2231223b733a343a22726f6c65223b733a313a2233223b7d),
('e06ab4bcc68b58857ef4d78b05d268dd253576a7', '::1', 1491055777, 0x5f5f63695f6c6173745f726567656e65726174657c693a313439313035353737373b6d6d737c613a363a7b733a323a226964223b733a313a2235223b733a383a22757365726e616d65223b733a333a226d736d223b733a343a226e616d65223b733a31323a2253756e646172616d6f68616e223b733a393a226c6f676765645f696e223b623a313b733a343a2264657074223b733a313a2231223b733a343a22726f6c65223b733a313a2233223b7d),
('385343504cd0da6683f0fd6b2235e33feb97d45b', '::1', 1491056155, 0x5f5f63695f6c6173745f726567656e65726174657c693a313439313035363135353b6d6d737c613a363a7b733a323a226964223b733a313a2235223b733a383a22757365726e616d65223b733a333a226d736d223b733a343a226e616d65223b733a31323a2253756e646172616d6f68616e223b733a393a226c6f676765645f696e223b623a313b733a343a2264657074223b733a313a2231223b733a343a22726f6c65223b733a313a2233223b7d),
('e456599cb0bc23df5674cf39a169455f37984f3c', '::1', 1491056457, 0x5f5f63695f6c6173745f726567656e65726174657c693a313439313035363435373b6d6d737c613a363a7b733a323a226964223b733a313a2235223b733a383a22757365726e616d65223b733a333a226d736d223b733a343a226e616d65223b733a31323a2253756e646172616d6f68616e223b733a393a226c6f676765645f696e223b623a313b733a343a2264657074223b733a313a2231223b733a343a22726f6c65223b733a313a2233223b7d),
('7face01b789ea887ed7206e8c66c137c54bb9abd', '::1', 1491057138, 0x5f5f63695f6c6173745f726567656e65726174657c693a313439313035373133383b6d6d737c613a363a7b733a323a226964223b733a313a2235223b733a383a22757365726e616d65223b733a333a226d736d223b733a343a226e616d65223b733a31323a2253756e646172616d6f68616e223b733a393a226c6f676765645f696e223b623a313b733a343a2264657074223b733a313a2231223b733a343a22726f6c65223b733a313a2233223b7d),
('ad43b0229f363a2d5e2d46869add822ec5e4d131', '::1', 1491057362, 0x5f5f63695f6c6173745f726567656e65726174657c693a313439313035373134303b6d6d737c613a363a7b733a323a226964223b733a313a2235223b733a383a22757365726e616d65223b733a333a226d736d223b733a343a226e616d65223b733a31323a2253756e646172616d6f68616e223b733a393a226c6f676765645f696e223b623a313b733a343a2264657074223b733a313a2231223b733a343a22726f6c65223b733a313a2233223b7d);

-- --------------------------------------------------------

--
-- Table structure for table `courses`
--

CREATE TABLE `courses` (
  `id` int(4) NOT NULL,
  `name` varchar(100) NOT NULL,
  `course_code` varchar(8) NOT NULL,
  `finalized` tinyint(1) NOT NULL DEFAULT '0',
  `dept_id` int(2) NOT NULL,
  `created` datetime NOT NULL DEFAULT CURRENT_TIMESTAMP
) ENGINE=InnoDB DEFAULT CHARSET=latin1;

--
-- Dumping data for table `courses`
--

INSERT INTO `courses` (`id`, `name`, `course_code`, `finalized`, `dept_id`, `created`) VALUES
(1, 'M. Sc. Bioinformatics', 'BINF', 0, 1, '2017-04-07 19:03:09'),
(2, 'M. Tech. Computational Biology', 'CBIO', 0, 1, '2017-04-07 19:03:09'),
(3, 'Ph. D Bioiformatics', 'PBIO', 0, 1, '2017-04-07 19:03:09'),
(4, 'Softcore', 'SBIO', 0, 1, '2017-04-08 16:22:23');

-- --------------------------------------------------------

--
-- Table structure for table `departments`
--

CREATE TABLE `departments` (
  `id` int(2) NOT NULL,
  `name` varchar(50) NOT NULL,
  `hod` int(2) NOT NULL
) ENGINE=InnoDB DEFAULT CHARSET=latin1;

--
-- Dumping data for table `departments`
--

INSERT INTO `departments` (`id`, `name`, `hod`) VALUES
(1, 'Centre for Bioinformatics', 6),
(2, 'Department of Chemistry', 2);

-- --------------------------------------------------------

--
-- Table structure for table `marks`
--

CREATE TABLE `marks` (
  `id` int(11) NOT NULL,
  `subject_id` int(4) NOT NULL,
  `course_id` int(3) NOT NULL,
  `reg_number` int(11) NOT NULL,
  `year` int(4) NOT NULL,
  `semester` int(1) NOT NULL,
  `internal1` int(2) NOT NULL DEFAULT '0',
  `internal2` int(2) NOT NULL DEFAULT '0',
  `other` int(2) NOT NULL DEFAULT '0',
  `total_internal` int(2) NOT NULL DEFAULT '0',
  `external1` int(2) NOT NULL DEFAULT '0',
  `external2` int(2) NOT NULL DEFAULT '0',
  `total_external` int(2) NOT NULL DEFAULT '0',
  `total_mark` int(2) NOT NULL DEFAULT '0',
  `grade` varchar(2) NOT NULL,
  `result` varchar(5) NOT NULL
) ENGINE=InnoDB DEFAULT CHARSET=latin1;

--
-- Dumping data for table `marks`
--

INSERT INTO `marks` (`id`, `subject_id`, `course_id`, `reg_number`, `year`, `semester`, `internal1`, `internal2`, `other`, `total_internal`, `external1`, `external2`, `total_external`, `total_mark`, `grade`, `result`) VALUES
(1590, 42, 1, 16378002, 2016, 2, 0, 0, 0, 0, 0, 0, 0, 0, 'F', 'FAIL'),
(1591, 43, 1, 16378002, 2016, 2, 0, 0, 0, 0, 0, 0, 0, 0, '', ''),
(1592, 45, 1, 16378002, 2016, 2, 0, 0, 0, 0, 0, 0, 0, 0, '', ''),
(1593, 46, 1, 16378002, 2016, 2, 0, 0, 0, 0, 0, 0, 0, 0, '', ''),
(1594, 47, 1, 16378002, 2016, 2, 0, 0, 0, 0, 0, 0, 0, 0, '', ''),
(1595, 49, 1, 16378002, 2016, 2, 0, 0, 0, 0, 0, 0, 0, 0, '', ''),
(1596, 50, 1, 16378002, 2016, 2, 0, 0, 0, 0, 0, 0, 0, 0, '', ''),
(1597, 51, 1, 16378002, 2016, 2, 0, 0, 0, 0, 0, 0, 0, 0, '', ''),
(1598, 42, 1, 16378003, 2016, 2, 0, 0, 0, 0, 0, 0, 0, 0, 'F', 'FAIL'),
(1599, 43, 1, 16378003, 2016, 2, 0, 0, 0, 0, 0, 0, 0, 0, '', ''),
(1600, 45, 1, 16378003, 2016, 2, 0, 0, 0, 0, 0, 0, 0, 0, '', ''),
(1601, 46, 1, 16378003, 2016, 2, 0, 0, 0, 0, 0, 0, 0, 0, '', ''),
(1602, 47, 1, 16378003, 2016, 2, 0, 0, 0, 0, 0, 0, 0, 0, '', ''),
(1603, 49, 1, 16378003, 2016, 2, 0, 0, 0, 0, 0, 0, 0, 0, '', ''),
(1604, 50, 1, 16378003, 2016, 2, 0, 0, 0, 0, 0, 0, 0, 0, '', ''),
(1605, 51, 1, 16378003, 2016, 2, 0, 0, 0, 0, 0, 0, 0, 0, '', ''),
(1606, 42, 1, 16378004, 2016, 2, 0, 0, 0, 0, 0, 0, 0, 0, 'F', 'FAIL'),
(1607, 43, 1, 16378004, 2016, 2, 0, 0, 0, 0, 0, 0, 0, 0, '', ''),
(1608, 45, 1, 16378004, 2016, 2, 0, 0, 0, 0, 0, 0, 0, 0, '', ''),
(1609, 46, 1, 16378004, 2016, 2, 0, 0, 0, 0, 0, 0, 0, 0, '', ''),
(1610, 47, 1, 16378004, 2016, 2, 0, 0, 0, 0, 0, 0, 0, 0, '', ''),
(1611, 49, 1, 16378004, 2016, 2, 0, 0, 0, 0, 0, 0, 0, 0, '', ''),
(1612, 50, 1, 16378004, 2016, 2, 0, 0, 0, 0, 0, 0, 0, 0, '', ''),
(1613, 51, 1, 16378004, 2016, 2, 0, 0, 0, 0, 0, 0, 0, 0, '', ''),
(1614, 42, 1, 16378005, 2016, 2, 0, 0, 0, 0, 0, 0, 0, 0, 'F', 'FAIL'),
(1615, 43, 1, 16378005, 2016, 2, 0, 0, 0, 0, 0, 0, 0, 0, '', ''),
(1616, 45, 1, 16378005, 2016, 2, 0, 0, 0, 0, 0, 0, 0, 0, '', ''),
(1617, 46, 1, 16378005, 2016, 2, 0, 0, 0, 0, 0, 0, 0, 0, '', ''),
(1618, 47, 1, 16378005, 2016, 2, 0, 0, 0, 0, 0, 0, 0, 0, '', ''),
(1619, 49, 1, 16378005, 2016, 2, 0, 0, 0, 0, 0, 0, 0, 0, '', ''),
(1620, 50, 1, 16378005, 2016, 2, 0, 0, 0, 0, 0, 0, 0, 0, '', ''),
(1621, 51, 1, 16378005, 2016, 2, 0, 0, 0, 0, 0, 0, 0, 0, '', ''),
(1622, 42, 1, 16378006, 2016, 2, 0, 0, 0, 0, 0, 0, 0, 0, 'F', 'FAIL'),
(1623, 43, 1, 16378006, 2016, 2, 0, 0, 0, 0, 0, 0, 0, 0, '', ''),
(1624, 45, 1, 16378006, 2016, 2, 0, 0, 0, 0, 0, 0, 0, 0, '', ''),
(1625, 46, 1, 16378006, 2016, 2, 0, 0, 0, 0, 0, 0, 0, 0, '', ''),
(1626, 47, 1, 16378006, 2016, 2, 0, 0, 0, 0, 0, 0, 0, 0, '', ''),
(1627, 49, 1, 16378006, 2016, 2, 0, 0, 0, 0, 0, 0, 0, 0, '', ''),
(1628, 50, 1, 16378006, 2016, 2, 0, 0, 0, 0, 0, 0, 0, 0, '', ''),
(1629, 51, 1, 16378006, 2016, 2, 0, 0, 0, 0, 0, 0, 0, 0, '', ''),
(1630, 42, 1, 16378007, 2016, 2, 0, 0, 0, 0, 0, 0, 0, 0, 'F', 'FAIL'),
(1631, 43, 1, 16378007, 2016, 2, 0, 0, 0, 0, 0, 0, 0, 0, '', ''),
(1632, 45, 1, 16378007, 2016, 2, 0, 0, 0, 0, 0, 0, 0, 0, '', ''),
(1633, 46, 1, 16378007, 2016, 2, 0, 0, 0, 0, 0, 0, 0, 0, '', ''),
(1634, 47, 1, 16378007, 2016, 2, 0, 0, 0, 0, 0, 0, 0, 0, '', ''),
(1635, 49, 1, 16378007, 2016, 2, 0, 0, 0, 0, 0, 0, 0, 0, '', ''),
(1636, 50, 1, 16378007, 2016, 2, 0, 0, 0, 0, 0, 0, 0, 0, '', ''),
(1637, 51, 1, 16378007, 2016, 2, 0, 0, 0, 0, 0, 0, 0, 0, '', ''),
(1638, 42, 1, 16378009, 2016, 2, 0, 0, 0, 0, 0, 0, 0, 0, 'F', 'FAIL'),
(1639, 43, 1, 16378009, 2016, 2, 0, 0, 0, 0, 0, 0, 0, 0, '', ''),
(1640, 45, 1, 16378009, 2016, 2, 0, 0, 0, 0, 0, 0, 0, 0, '', ''),
(1641, 46, 1, 16378009, 2016, 2, 0, 0, 0, 0, 0, 0, 0, 0, '', ''),
(1642, 47, 1, 16378009, 2016, 2, 0, 0, 0, 0, 0, 0, 0, 0, '', ''),
(1643, 49, 1, 16378009, 2016, 2, 0, 0, 0, 0, 0, 0, 0, 0, '', ''),
(1644, 50, 1, 16378009, 2016, 2, 0, 0, 0, 0, 0, 0, 0, 0, '', ''),
(1645, 51, 1, 16378009, 2016, 2, 0, 0, 0, 0, 0, 0, 0, 0, '', ''),
(1646, 42, 1, 16378011, 2016, 2, 0, 0, 0, 0, 0, 0, 0, 0, 'F', 'FAIL'),
(1647, 43, 1, 16378011, 2016, 2, 0, 0, 0, 0, 0, 0, 0, 0, '', ''),
(1648, 45, 1, 16378011, 2016, 2, 0, 0, 0, 0, 0, 0, 0, 0, '', ''),
(1649, 46, 1, 16378011, 2016, 2, 0, 0, 0, 0, 0, 0, 0, 0, '', ''),
(1650, 47, 1, 16378011, 2016, 2, 0, 0, 0, 0, 0, 0, 0, 0, '', ''),
(1651, 49, 1, 16378011, 2016, 2, 0, 0, 0, 0, 0, 0, 0, 0, '', ''),
(1652, 50, 1, 16378011, 2016, 2, 0, 0, 0, 0, 0, 0, 0, 0, '', ''),
(1653, 51, 1, 16378011, 2016, 2, 0, 0, 0, 0, 0, 0, 0, 0, '', ''),
(1654, 42, 1, 16378013, 2016, 2, 0, 0, 0, 0, 0, 0, 0, 0, 'F', 'FAIL'),
(1655, 43, 1, 16378013, 2016, 2, 0, 0, 0, 0, 0, 0, 0, 0, '', ''),
(1656, 45, 1, 16378013, 2016, 2, 0, 0, 0, 0, 0, 0, 0, 0, '', ''),
(1657, 46, 1, 16378013, 2016, 2, 0, 0, 0, 0, 0, 0, 0, 0, '', ''),
(1658, 47, 1, 16378013, 2016, 2, 0, 0, 0, 0, 0, 0, 0, 0, '', ''),
(1659, 49, 1, 16378013, 2016, 2, 0, 0, 0, 0, 0, 0, 0, 0, '', ''),
(1660, 50, 1, 16378013, 2016, 2, 0, 0, 0, 0, 0, 0, 0, 0, '', ''),
(1661, 51, 1, 16378013, 2016, 2, 0, 0, 0, 0, 0, 0, 0, 0, '', ''),
(1662, 42, 1, 16378014, 2016, 2, 0, 0, 0, 0, 0, 0, 0, 0, 'F', 'FAIL'),
(1663, 43, 1, 16378014, 2016, 2, 0, 0, 0, 0, 0, 0, 0, 0, '', ''),
(1664, 45, 1, 16378014, 2016, 2, 0, 0, 0, 0, 0, 0, 0, 0, '', ''),
(1665, 46, 1, 16378014, 2016, 2, 0, 0, 0, 0, 0, 0, 0, 0, '', ''),
(1666, 47, 1, 16378014, 2016, 2, 0, 0, 0, 0, 0, 0, 0, 0, '', ''),
(1667, 49, 1, 16378014, 2016, 2, 0, 0, 0, 0, 0, 0, 0, 0, '', ''),
(1668, 50, 1, 16378014, 2016, 2, 0, 0, 0, 0, 0, 0, 0, 0, '', ''),
(1669, 51, 1, 16378014, 2016, 2, 0, 0, 0, 0, 0, 0, 0, 0, '', ''),
(1670, 42, 1, 16378015, 2016, 2, 0, 0, 0, 0, 0, 0, 0, 0, 'F', 'FAIL'),
(1671, 43, 1, 16378015, 2016, 2, 0, 0, 0, 0, 0, 0, 0, 0, '', ''),
(1672, 45, 1, 16378015, 2016, 2, 0, 0, 0, 0, 0, 0, 0, 0, '', ''),
(1673, 46, 1, 16378015, 2016, 2, 0, 0, 0, 0, 0, 0, 0, 0, '', ''),
(1674, 47, 1, 16378015, 2016, 2, 0, 0, 0, 0, 0, 0, 0, 0, '', ''),
(1675, 49, 1, 16378015, 2016, 2, 0, 0, 0, 0, 0, 0, 0, 0, '', ''),
(1676, 50, 1, 16378015, 2016, 2, 0, 0, 0, 0, 0, 0, 0, 0, '', ''),
(1677, 51, 1, 16378015, 2016, 2, 0, 0, 0, 0, 0, 0, 0, 0, '', ''),
(1678, 42, 1, 16378016, 2016, 2, 0, 0, 0, 0, 0, 0, 0, 0, 'F', 'FAIL'),
(1679, 43, 1, 16378016, 2016, 2, 0, 0, 0, 0, 0, 0, 0, 0, '', ''),
(1680, 45, 1, 16378016, 2016, 2, 0, 0, 0, 0, 0, 0, 0, 0, '', ''),
(1681, 46, 1, 16378016, 2016, 2, 0, 0, 0, 0, 0, 0, 0, 0, '', ''),
(1682, 47, 1, 16378016, 2016, 2, 0, 0, 0, 0, 0, 0, 0, 0, '', ''),
(1683, 49, 1, 16378016, 2016, 2, 0, 0, 0, 0, 0, 0, 0, 0, '', ''),
(1684, 50, 1, 16378016, 2016, 2, 0, 0, 0, 0, 0, 0, 0, 0, '', ''),
(1685, 51, 1, 16378016, 2016, 2, 0, 0, 0, 0, 0, 0, 0, 0, '', ''),
(1686, 42, 1, 16378017, 2016, 2, 0, 0, 0, 0, 0, 0, 0, 0, 'F', 'FAIL'),
(1687, 43, 1, 16378017, 2016, 2, 0, 0, 0, 0, 0, 0, 0, 0, '', ''),
(1688, 45, 1, 16378017, 2016, 2, 0, 0, 0, 0, 0, 0, 0, 0, '', ''),
(1689, 46, 1, 16378017, 2016, 2, 0, 0, 0, 0, 0, 0, 0, 0, '', ''),
(1690, 47, 1, 16378017, 2016, 2, 0, 0, 0, 0, 0, 0, 0, 0, '', ''),
(1691, 49, 1, 16378017, 2016, 2, 0, 0, 0, 0, 0, 0, 0, 0, '', ''),
(1692, 50, 1, 16378017, 2016, 2, 0, 0, 0, 0, 0, 0, 0, 0, '', ''),
(1693, 51, 1, 16378017, 2016, 2, 0, 0, 0, 0, 0, 0, 0, 0, '', ''),
(1694, 42, 1, 16378018, 2016, 2, 0, 0, 0, 0, 0, 0, 0, 0, 'F', 'FAIL'),
(1695, 43, 1, 16378018, 2016, 2, 0, 0, 0, 0, 0, 0, 0, 0, '', ''),
(1696, 45, 1, 16378018, 2016, 2, 0, 0, 0, 0, 0, 0, 0, 0, '', ''),
(1697, 46, 1, 16378018, 2016, 2, 0, 0, 0, 0, 0, 0, 0, 0, '', ''),
(1698, 47, 1, 16378018, 2016, 2, 0, 0, 0, 0, 0, 0, 0, 0, '', ''),
(1699, 49, 1, 16378018, 2016, 2, 0, 0, 0, 0, 0, 0, 0, 0, '', ''),
(1700, 50, 1, 16378018, 2016, 2, 0, 0, 0, 0, 0, 0, 0, 0, '', ''),
(1701, 51, 1, 16378018, 2016, 2, 0, 0, 0, 0, 0, 0, 0, 0, '', ''),
(1702, 42, 1, 16378019, 2016, 2, 0, 0, 0, 0, 0, 0, 0, 0, 'F', 'FAIL'),
(1703, 43, 1, 16378019, 2016, 2, 0, 0, 0, 0, 0, 0, 0, 0, '', ''),
(1704, 45, 1, 16378019, 2016, 2, 0, 0, 0, 0, 0, 0, 0, 0, '', ''),
(1705, 46, 1, 16378019, 2016, 2, 0, 0, 0, 0, 0, 0, 0, 0, '', ''),
(1706, 47, 1, 16378019, 2016, 2, 0, 0, 0, 0, 0, 0, 0, 0, '', ''),
(1707, 49, 1, 16378019, 2016, 2, 0, 0, 0, 0, 0, 0, 0, 0, '', ''),
(1708, 50, 1, 16378019, 2016, 2, 0, 0, 0, 0, 0, 0, 0, 0, '', ''),
(1709, 51, 1, 16378019, 2016, 2, 0, 0, 0, 0, 0, 0, 0, 0, '', ''),
(1710, 42, 1, 16378020, 2016, 2, 0, 0, 0, 0, 0, 0, 0, 0, 'F', 'FAIL'),
(1711, 43, 1, 16378020, 2016, 2, 0, 0, 0, 0, 0, 0, 0, 0, '', ''),
(1712, 45, 1, 16378020, 2016, 2, 0, 0, 0, 0, 0, 0, 0, 0, '', ''),
(1713, 46, 1, 16378020, 2016, 2, 0, 0, 0, 0, 0, 0, 0, 0, '', ''),
(1714, 47, 1, 16378020, 2016, 2, 0, 0, 0, 0, 0, 0, 0, 0, '', ''),
(1715, 49, 1, 16378020, 2016, 2, 0, 0, 0, 0, 0, 0, 0, 0, '', ''),
(1716, 50, 1, 16378020, 2016, 2, 0, 0, 0, 0, 0, 0, 0, 0, '', ''),
(1717, 51, 1, 16378020, 2016, 2, 0, 0, 0, 0, 0, 0, 0, 0, '', ''),
(1718, 42, 1, 16378021, 2016, 2, 0, 0, 0, 0, 0, 0, 0, 0, 'F', 'FAIL'),
(1719, 43, 1, 16378021, 2016, 2, 0, 0, 0, 0, 0, 0, 0, 0, '', ''),
(1720, 45, 1, 16378021, 2016, 2, 0, 0, 0, 0, 0, 0, 0, 0, '', ''),
(1721, 46, 1, 16378021, 2016, 2, 0, 0, 0, 0, 0, 0, 0, 0, '', ''),
(1722, 47, 1, 16378021, 2016, 2, 0, 0, 0, 0, 0, 0, 0, 0, '', ''),
(1723, 49, 1, 16378021, 2016, 2, 0, 0, 0, 0, 0, 0, 0, 0, '', ''),
(1724, 50, 1, 16378021, 2016, 2, 0, 0, 0, 0, 0, 0, 0, 0, '', ''),
(1725, 51, 1, 16378021, 2016, 2, 0, 0, 0, 0, 0, 0, 0, 0, '', ''),
(1726, 42, 1, 16378023, 2016, 2, 0, 0, 0, 0, 0, 0, 0, 0, 'F', 'FAIL'),
(1727, 43, 1, 16378023, 2016, 2, 0, 0, 0, 0, 0, 0, 0, 0, '', ''),
(1728, 45, 1, 16378023, 2016, 2, 0, 0, 0, 0, 0, 0, 0, 0, '', ''),
(1729, 46, 1, 16378023, 2016, 2, 0, 0, 0, 0, 0, 0, 0, 0, '', ''),
(1730, 47, 1, 16378023, 2016, 2, 0, 0, 0, 0, 0, 0, 0, 0, '', ''),
(1731, 49, 1, 16378023, 2016, 2, 0, 0, 0, 0, 0, 0, 0, 0, '', ''),
(1732, 50, 1, 16378023, 2016, 2, 0, 0, 0, 0, 0, 0, 0, 0, '', ''),
(1733, 51, 1, 16378023, 2016, 2, 0, 0, 0, 0, 0, 0, 0, 0, '', ''),
(1734, 42, 1, 16378024, 2016, 2, 0, 0, 0, 0, 0, 0, 0, 0, 'F', 'FAIL'),
(1735, 43, 1, 16378024, 2016, 2, 0, 0, 0, 0, 0, 0, 0, 0, '', ''),
(1736, 45, 1, 16378024, 2016, 2, 0, 0, 0, 0, 0, 0, 0, 0, '', ''),
(1737, 46, 1, 16378024, 2016, 2, 0, 0, 0, 0, 0, 0, 0, 0, '', ''),
(1738, 47, 1, 16378024, 2016, 2, 0, 0, 0, 0, 0, 0, 0, 0, '', ''),
(1739, 49, 1, 16378024, 2016, 2, 0, 0, 0, 0, 0, 0, 0, 0, '', ''),
(1740, 50, 1, 16378024, 2016, 2, 0, 0, 0, 0, 0, 0, 0, 0, '', ''),
(1741, 51, 1, 16378024, 2016, 2, 0, 0, 0, 0, 0, 0, 0, 0, '', ''),
(1742, 42, 1, 16378025, 2016, 2, 0, 0, 0, 0, 0, 0, 0, 0, 'F', 'FAIL'),
(1743, 43, 1, 16378025, 2016, 2, 0, 0, 0, 0, 0, 0, 0, 0, '', ''),
(1744, 45, 1, 16378025, 2016, 2, 0, 0, 0, 0, 0, 0, 0, 0, '', ''),
(1745, 46, 1, 16378025, 2016, 2, 0, 0, 0, 0, 0, 0, 0, 0, '', ''),
(1746, 47, 1, 16378025, 2016, 2, 0, 0, 0, 0, 0, 0, 0, 0, '', ''),
(1747, 49, 1, 16378025, 2016, 2, 0, 0, 0, 0, 0, 0, 0, 0, '', ''),
(1748, 50, 1, 16378025, 2016, 2, 0, 0, 0, 0, 0, 0, 0, 0, '', ''),
(1749, 51, 1, 16378025, 2016, 2, 0, 0, 0, 0, 0, 0, 0, 0, '', ''),
(1750, 42, 1, 16378026, 2016, 2, 0, 0, 0, 0, 0, 0, 0, 0, 'F', 'FAIL'),
(1751, 43, 1, 16378026, 2016, 2, 0, 0, 0, 0, 0, 0, 0, 0, '', ''),
(1752, 45, 1, 16378026, 2016, 2, 0, 0, 0, 0, 0, 0, 0, 0, '', ''),
(1753, 46, 1, 16378026, 2016, 2, 0, 0, 0, 0, 0, 0, 0, 0, '', ''),
(1754, 47, 1, 16378026, 2016, 2, 0, 0, 0, 0, 0, 0, 0, 0, '', ''),
(1755, 49, 1, 16378026, 2016, 2, 0, 0, 0, 0, 0, 0, 0, 0, '', ''),
(1756, 50, 1, 16378026, 2016, 2, 0, 0, 0, 0, 0, 0, 0, 0, '', ''),
(1757, 51, 1, 16378026, 2016, 2, 0, 0, 0, 0, 0, 0, 0, 0, '', ''),
(1758, 42, 1, 16378027, 2016, 2, 0, 0, 0, 0, 0, 0, 0, 0, 'F', 'FAIL'),
(1759, 43, 1, 16378027, 2016, 2, 0, 0, 0, 0, 0, 0, 0, 0, '', ''),
(1760, 45, 1, 16378027, 2016, 2, 0, 0, 0, 0, 0, 0, 0, 0, '', ''),
(1761, 46, 1, 16378027, 2016, 2, 0, 0, 0, 0, 0, 0, 0, 0, '', ''),
(1762, 47, 1, 16378027, 2016, 2, 0, 0, 0, 0, 0, 0, 0, 0, '', ''),
(1763, 49, 1, 16378027, 2016, 2, 0, 0, 0, 0, 0, 0, 0, 0, '', ''),
(1764, 50, 1, 16378027, 2016, 2, 0, 0, 0, 0, 0, 0, 0, 0, '', ''),
(1765, 51, 1, 16378027, 2016, 2, 0, 0, 0, 0, 0, 0, 0, 0, '', ''),
(1766, 42, 1, 16378028, 2016, 2, 0, 0, 0, 0, 0, 0, 0, 0, 'F', 'FAIL'),
(1767, 43, 1, 16378028, 2016, 2, 0, 0, 0, 0, 0, 0, 0, 0, '', ''),
(1768, 45, 1, 16378028, 2016, 2, 0, 0, 0, 0, 0, 0, 0, 0, '', ''),
(1769, 46, 1, 16378028, 2016, 2, 0, 0, 0, 0, 0, 0, 0, 0, '', ''),
(1770, 47, 1, 16378028, 2016, 2, 0, 0, 0, 0, 0, 0, 0, 0, '', ''),
(1771, 49, 1, 16378028, 2016, 2, 0, 0, 0, 0, 0, 0, 0, 0, '', ''),
(1772, 50, 1, 16378028, 2016, 2, 0, 0, 0, 0, 0, 0, 0, 0, '', ''),
(1773, 51, 1, 16378028, 2016, 2, 0, 0, 0, 0, 0, 0, 0, 0, '', ''),
(1774, 42, 1, 16378029, 2016, 2, 0, 0, 0, 0, 0, 0, 0, 0, 'F', 'FAIL'),
(1775, 43, 1, 16378029, 2016, 2, 0, 0, 0, 0, 0, 0, 0, 0, '', ''),
(1776, 45, 1, 16378029, 2016, 2, 0, 0, 0, 0, 0, 0, 0, 0, '', ''),
(1777, 46, 1, 16378029, 2016, 2, 0, 0, 0, 0, 0, 0, 0, 0, '', ''),
(1778, 47, 1, 16378029, 2016, 2, 0, 0, 0, 0, 0, 0, 0, 0, '', ''),
(1779, 49, 1, 16378029, 2016, 2, 0, 0, 0, 0, 0, 0, 0, 0, '', ''),
(1780, 50, 1, 16378029, 2016, 2, 0, 0, 0, 0, 0, 0, 0, 0, '', ''),
(1781, 51, 1, 16378029, 2016, 2, 0, 0, 0, 0, 0, 0, 0, 0, '', ''),
(1782, 42, 1, 16378030, 2016, 2, 0, 0, 0, 0, 0, 0, 0, 0, 'F', 'FAIL'),
(1783, 43, 1, 16378030, 2016, 2, 0, 0, 0, 0, 0, 0, 0, 0, '', ''),
(1784, 45, 1, 16378030, 2016, 2, 0, 0, 0, 0, 0, 0, 0, 0, '', ''),
(1785, 46, 1, 16378030, 2016, 2, 0, 0, 0, 0, 0, 0, 0, 0, '', ''),
(1786, 47, 1, 16378030, 2016, 2, 0, 0, 0, 0, 0, 0, 0, 0, '', ''),
(1787, 49, 1, 16378030, 2016, 2, 0, 0, 0, 0, 0, 0, 0, 0, '', ''),
(1788, 50, 1, 16378030, 2016, 2, 0, 0, 0, 0, 0, 0, 0, 0, '', ''),
(1789, 51, 1, 16378030, 2016, 2, 0, 0, 0, 0, 0, 0, 0, 0, '', ''),
(1790, 42, 1, 16378032, 2016, 2, 0, 0, 0, 0, 0, 0, 0, 0, 'F', 'FAIL'),
(1791, 43, 1, 16378032, 2016, 2, 0, 0, 0, 0, 0, 0, 0, 0, '', ''),
(1792, 45, 1, 16378032, 2016, 2, 0, 0, 0, 0, 0, 0, 0, 0, '', ''),
(1793, 46, 1, 16378032, 2016, 2, 0, 0, 0, 0, 0, 0, 0, 0, '', ''),
(1794, 47, 1, 16378032, 2016, 2, 0, 0, 0, 0, 0, 0, 0, 0, '', ''),
(1795, 49, 1, 16378032, 2016, 2, 0, 0, 0, 0, 0, 0, 0, 0, '', ''),
(1796, 50, 1, 16378032, 2016, 2, 0, 0, 0, 0, 0, 0, 0, 0, '', ''),
(1797, 51, 1, 16378032, 2016, 2, 0, 0, 0, 0, 0, 0, 0, 0, '', ''),
(1798, 42, 1, 16378033, 2016, 2, 0, 0, 0, 0, 0, 0, 0, 0, 'F', 'FAIL'),
(1799, 43, 1, 16378033, 2016, 2, 0, 0, 0, 0, 0, 0, 0, 0, '', ''),
(1800, 45, 1, 16378033, 2016, 2, 0, 0, 0, 0, 0, 0, 0, 0, '', ''),
(1801, 46, 1, 16378033, 2016, 2, 0, 0, 0, 0, 0, 0, 0, 0, '', ''),
(1802, 47, 1, 16378033, 2016, 2, 0, 0, 0, 0, 0, 0, 0, 0, '', ''),
(1803, 49, 1, 16378033, 2016, 2, 0, 0, 0, 0, 0, 0, 0, 0, '', ''),
(1804, 50, 1, 16378033, 2016, 2, 0, 0, 0, 0, 0, 0, 0, 0, '', ''),
(1805, 51, 1, 16378033, 2016, 2, 0, 0, 0, 0, 0, 0, 0, 0, '', ''),
(1806, 42, 1, 16378034, 2016, 2, 0, 0, 0, 0, 0, 0, 0, 0, 'F', 'FAIL'),
(1807, 43, 1, 16378034, 2016, 2, 0, 0, 0, 0, 0, 0, 0, 0, '', ''),
(1808, 45, 1, 16378034, 2016, 2, 0, 0, 0, 0, 0, 0, 0, 0, '', ''),
(1809, 46, 1, 16378034, 2016, 2, 0, 0, 0, 0, 0, 0, 0, 0, '', ''),
(1810, 47, 1, 16378034, 2016, 2, 0, 0, 0, 0, 0, 0, 0, 0, '', ''),
(1811, 49, 1, 16378034, 2016, 2, 0, 0, 0, 0, 0, 0, 0, 0, '', ''),
(1812, 50, 1, 16378034, 2016, 2, 0, 0, 0, 0, 0, 0, 0, 0, '', ''),
(1813, 51, 1, 16378034, 2016, 2, 0, 0, 0, 0, 0, 0, 0, 0, '', ''),
(1814, 42, 1, 16378035, 2016, 2, 0, 0, 0, 0, 0, 0, 0, 0, 'F', 'FAIL'),
(1815, 43, 1, 16378035, 2016, 2, 0, 0, 0, 0, 0, 0, 0, 0, '', ''),
(1816, 45, 1, 16378035, 2016, 2, 0, 0, 0, 0, 0, 0, 0, 0, '', ''),
(1817, 46, 1, 16378035, 2016, 2, 0, 0, 0, 0, 0, 0, 0, 0, '', ''),
(1818, 47, 1, 16378035, 2016, 2, 0, 0, 0, 0, 0, 0, 0, 0, '', ''),
(1819, 49, 1, 16378035, 2016, 2, 0, 0, 0, 0, 0, 0, 0, 0, '', ''),
(1820, 50, 1, 16378035, 2016, 2, 0, 0, 0, 0, 0, 0, 0, 0, '', ''),
(1821, 51, 1, 16378035, 2016, 2, 0, 0, 0, 0, 0, 0, 0, 0, '', ''),
(1822, 42, 1, 16378036, 2016, 2, 0, 0, 0, 0, 0, 0, 0, 0, 'F', 'FAIL'),
(1823, 43, 1, 16378036, 2016, 2, 0, 0, 0, 0, 0, 0, 0, 0, '', ''),
(1824, 45, 1, 16378036, 2016, 2, 0, 0, 0, 0, 0, 0, 0, 0, '', ''),
(1825, 46, 1, 16378036, 2016, 2, 0, 0, 0, 0, 0, 0, 0, 0, '', ''),
(1826, 47, 1, 16378036, 2016, 2, 0, 0, 0, 0, 0, 0, 0, 0, '', ''),
(1827, 49, 1, 16378036, 2016, 2, 0, 0, 0, 0, 0, 0, 0, 0, '', ''),
(1828, 50, 1, 16378036, 2016, 2, 0, 0, 0, 0, 0, 0, 0, 0, '', ''),
(1829, 51, 1, 16378036, 2016, 2, 0, 0, 0, 0, 0, 0, 0, 0, '', ''),
(1830, 42, 1, 16378037, 2016, 2, 0, 0, 0, 0, 0, 0, 0, 0, 'F', 'FAIL'),
(1831, 43, 1, 16378037, 2016, 2, 0, 0, 0, 0, 0, 0, 0, 0, '', ''),
(1832, 45, 1, 16378037, 2016, 2, 0, 0, 0, 0, 0, 0, 0, 0, '', ''),
(1833, 46, 1, 16378037, 2016, 2, 0, 0, 0, 0, 0, 0, 0, 0, '', ''),
(1834, 47, 1, 16378037, 2016, 2, 0, 0, 0, 0, 0, 0, 0, 0, '', ''),
(1835, 49, 1, 16378037, 2016, 2, 0, 0, 0, 0, 0, 0, 0, 0, '', ''),
(1836, 50, 1, 16378037, 2016, 2, 0, 0, 0, 0, 0, 0, 0, 0, '', ''),
(1837, 51, 1, 16378037, 2016, 2, 0, 0, 0, 0, 0, 0, 0, 0, '', ''),
(1838, 42, 1, 16378038, 2016, 2, 0, 0, 0, 0, 0, 0, 0, 0, 'F', 'FAIL'),
(1839, 43, 1, 16378038, 2016, 2, 0, 0, 0, 0, 0, 0, 0, 0, '', ''),
(1840, 45, 1, 16378038, 2016, 2, 0, 0, 0, 0, 0, 0, 0, 0, '', ''),
(1841, 46, 1, 16378038, 2016, 2, 0, 0, 0, 0, 0, 0, 0, 0, '', ''),
(1842, 47, 1, 16378038, 2016, 2, 0, 0, 0, 0, 0, 0, 0, 0, '', ''),
(1843, 49, 1, 16378038, 2016, 2, 0, 0, 0, 0, 0, 0, 0, 0, '', ''),
(1844, 50, 1, 16378038, 2016, 2, 0, 0, 0, 0, 0, 0, 0, 0, '', ''),
(1845, 51, 1, 16378038, 2016, 2, 0, 0, 0, 0, 0, 0, 0, 0, '', ''),
(1846, 42, 1, 16378039, 2016, 2, 0, 0, 0, 0, 0, 0, 0, 0, 'F', 'FAIL'),
(1847, 43, 1, 16378039, 2016, 2, 0, 0, 0, 0, 0, 0, 0, 0, '', ''),
(1848, 45, 1, 16378039, 2016, 2, 0, 0, 0, 0, 0, 0, 0, 0, '', ''),
(1849, 46, 1, 16378039, 2016, 2, 0, 0, 0, 0, 0, 0, 0, 0, '', ''),
(1850, 47, 1, 16378039, 2016, 2, 0, 0, 0, 0, 0, 0, 0, 0, '', ''),
(1851, 49, 1, 16378039, 2016, 2, 0, 0, 0, 0, 0, 0, 0, 0, '', ''),
(1852, 50, 1, 16378039, 2016, 2, 0, 0, 0, 0, 0, 0, 0, 0, '', ''),
(1853, 51, 1, 16378039, 2016, 2, 0, 0, 0, 0, 0, 0, 0, 0, '', ''),
(1854, 42, 1, 16378040, 2016, 2, 0, 0, 0, 0, 0, 0, 0, 0, 'F', 'FAIL'),
(1855, 43, 1, 16378040, 2016, 2, 0, 0, 0, 0, 0, 0, 0, 0, '', ''),
(1856, 45, 1, 16378040, 2016, 2, 0, 0, 0, 0, 0, 0, 0, 0, '', ''),
(1857, 46, 1, 16378040, 2016, 2, 0, 0, 0, 0, 0, 0, 0, 0, '', ''),
(1858, 47, 1, 16378040, 2016, 2, 0, 0, 0, 0, 0, 0, 0, 0, '', ''),
(1859, 49, 1, 16378040, 2016, 2, 0, 0, 0, 0, 0, 0, 0, 0, '', ''),
(1860, 50, 1, 16378040, 2016, 2, 0, 0, 0, 0, 0, 0, 0, 0, '', ''),
(1861, 51, 1, 16378040, 2016, 2, 0, 0, 0, 0, 0, 0, 0, 0, '', ''),
(1862, 53, 1, 15378001, 2015, 4, 0, 0, 0, 0, 0, 0, 0, 0, '', ''),
(1863, 55, 1, 15378001, 2015, 4, 0, 0, 0, 0, 0, 0, 0, 0, '', ''),
(1864, 53, 1, 15378002, 2015, 4, 0, 0, 0, 0, 0, 0, 0, 0, '', ''),
(1865, 55, 1, 15378002, 2015, 4, 0, 0, 0, 0, 0, 0, 0, 0, '', ''),
(1866, 53, 1, 15378003, 2015, 4, 0, 0, 0, 0, 0, 0, 0, 0, '', ''),
(1867, 55, 1, 15378003, 2015, 4, 0, 0, 0, 0, 0, 0, 0, 0, '', ''),
(1868, 53, 1, 15378004, 2015, 4, 0, 0, 0, 0, 0, 0, 0, 0, '', ''),
(1869, 55, 1, 15378004, 2015, 4, 0, 0, 0, 0, 0, 0, 0, 0, '', ''),
(1870, 53, 1, 15378005, 2015, 4, 0, 0, 0, 0, 0, 0, 0, 0, '', ''),
(1871, 55, 1, 15378005, 2015, 4, 0, 0, 0, 0, 0, 0, 0, 0, '', ''),
(1872, 53, 1, 15378006, 2015, 4, 0, 0, 0, 0, 0, 0, 0, 0, '', ''),
(1873, 55, 1, 15378006, 2015, 4, 0, 0, 0, 0, 0, 0, 0, 0, '', ''),
(1874, 53, 1, 15378007, 2015, 4, 0, 0, 0, 0, 0, 0, 0, 0, '', ''),
(1875, 55, 1, 15378007, 2015, 4, 0, 0, 0, 0, 0, 0, 0, 0, '', ''),
(1876, 53, 1, 15378008, 2015, 4, 0, 0, 0, 0, 0, 0, 0, 0, '', ''),
(1877, 55, 1, 15378008, 2015, 4, 0, 0, 0, 0, 0, 0, 0, 0, '', ''),
(1878, 53, 1, 15378011, 2015, 4, 0, 0, 0, 0, 0, 0, 0, 0, '', ''),
(1879, 55, 1, 15378011, 2015, 4, 0, 0, 0, 0, 0, 0, 0, 0, '', ''),
(1880, 53, 1, 15378012, 2015, 4, 0, 0, 0, 0, 0, 0, 0, 0, '', ''),
(1881, 55, 1, 15378012, 2015, 4, 0, 0, 0, 0, 0, 0, 0, 0, '', ''),
(1882, 53, 1, 15378013, 2015, 4, 0, 0, 0, 0, 0, 0, 0, 0, '', ''),
(1883, 55, 1, 15378013, 2015, 4, 0, 0, 0, 0, 0, 0, 0, 0, '', ''),
(1884, 53, 1, 15378014, 2015, 4, 0, 0, 0, 0, 0, 0, 0, 0, '', ''),
(1885, 55, 1, 15378014, 2015, 4, 0, 0, 0, 0, 0, 0, 0, 0, '', ''),
(1886, 53, 1, 15378015, 2015, 4, 0, 0, 0, 0, 0, 0, 0, 0, '', ''),
(1887, 55, 1, 15378015, 2015, 4, 0, 0, 0, 0, 0, 0, 0, 0, '', ''),
(1888, 53, 1, 15378016, 2015, 4, 0, 0, 0, 0, 0, 0, 0, 0, '', ''),
(1889, 55, 1, 15378016, 2015, 4, 0, 0, 0, 0, 0, 0, 0, 0, '', ''),
(1890, 53, 1, 15378017, 2015, 4, 0, 0, 0, 0, 0, 0, 0, 0, '', ''),
(1891, 55, 1, 15378017, 2015, 4, 0, 0, 0, 0, 0, 0, 0, 0, '', ''),
(1892, 53, 1, 15378018, 2015, 4, 0, 0, 0, 0, 0, 0, 0, 0, '', ''),
(1893, 55, 1, 15378018, 2015, 4, 0, 0, 0, 0, 0, 0, 0, 0, '', ''),
(1894, 53, 1, 15378019, 2015, 4, 0, 0, 0, 0, 0, 0, 0, 0, '', ''),
(1895, 55, 1, 15378019, 2015, 4, 0, 0, 0, 0, 0, 0, 0, 0, '', ''),
(1896, 53, 1, 15378020, 2015, 4, 0, 0, 0, 0, 0, 0, 0, 0, '', ''),
(1897, 55, 1, 15378020, 2015, 4, 0, 0, 0, 0, 0, 0, 0, 0, '', ''),
(1898, 53, 1, 15378021, 2015, 4, 0, 0, 0, 0, 0, 0, 0, 0, '', ''),
(1899, 55, 1, 15378021, 2015, 4, 0, 0, 0, 0, 0, 0, 0, 0, '', ''),
(1900, 53, 1, 15378022, 2015, 4, 0, 0, 0, 0, 0, 0, 0, 0, '', ''),
(1901, 55, 1, 15378022, 2015, 4, 0, 0, 0, 0, 0, 0, 0, 0, '', ''),
(1902, 53, 1, 15378023, 2015, 4, 0, 0, 0, 0, 0, 0, 0, 0, '', ''),
(1903, 55, 1, 15378023, 2015, 4, 0, 0, 0, 0, 0, 0, 0, 0, '', ''),
(1904, 53, 1, 15378024, 2015, 4, 0, 0, 0, 0, 0, 0, 0, 0, '', ''),
(1905, 55, 1, 15378024, 2015, 4, 0, 0, 0, 0, 0, 0, 0, 0, '', ''),
(1906, 53, 1, 15378025, 2015, 4, 0, 0, 0, 0, 0, 0, 0, 0, '', ''),
(1907, 55, 1, 15378025, 2015, 4, 0, 0, 0, 0, 0, 0, 0, 0, '', ''),
(1908, 59, 2, 16310001, 2016, 2, 0, 0, 0, 0, 0, 0, 0, 0, '', ''),
(1909, 60, 2, 16310001, 2016, 2, 0, 0, 0, 0, 0, 0, 0, 0, '', ''),
(1910, 62, 2, 16310001, 2016, 2, 0, 0, 0, 0, 0, 0, 0, 0, '', ''),
(1911, 63, 2, 16310001, 2016, 2, 0, 0, 0, 0, 0, 0, 0, 0, '', ''),
(1912, 64, 2, 16310001, 2016, 2, 0, 0, 0, 0, 0, 0, 0, 0, '', ''),
(1913, 65, 2, 16310001, 2016, 2, 0, 0, 0, 0, 0, 0, 0, 0, '', ''),
(1914, 59, 2, 16310002, 2016, 2, 0, 0, 0, 0, 0, 0, 0, 0, '', ''),
(1915, 60, 2, 16310002, 2016, 2, 0, 0, 0, 0, 0, 0, 0, 0, '', ''),
(1916, 62, 2, 16310002, 2016, 2, 0, 0, 0, 0, 0, 0, 0, 0, '', ''),
(1917, 63, 2, 16310002, 2016, 2, 0, 0, 0, 0, 0, 0, 0, 0, '', ''),
(1918, 64, 2, 16310002, 2016, 2, 0, 0, 0, 0, 0, 0, 0, 0, '', ''),
(1919, 65, 2, 16310002, 2016, 2, 0, 0, 0, 0, 0, 0, 0, 0, '', ''),
(1920, 59, 2, 16310003, 2016, 2, 0, 0, 0, 0, 0, 0, 0, 0, '', ''),
(1921, 60, 2, 16310003, 2016, 2, 0, 0, 0, 0, 0, 0, 0, 0, '', ''),
(1922, 62, 2, 16310003, 2016, 2, 0, 0, 0, 0, 0, 0, 0, 0, '', ''),
(1923, 63, 2, 16310003, 2016, 2, 0, 0, 0, 0, 0, 0, 0, 0, '', ''),
(1924, 64, 2, 16310003, 2016, 2, 0, 0, 0, 0, 0, 0, 0, 0, '', ''),
(1925, 65, 2, 16310003, 2016, 2, 0, 0, 0, 0, 0, 0, 0, 0, '', ''),
(1926, 59, 2, 16310004, 2016, 2, 0, 0, 0, 0, 0, 0, 0, 0, '', ''),
(1927, 60, 2, 16310004, 2016, 2, 0, 0, 0, 0, 0, 0, 0, 0, '', ''),
(1928, 62, 2, 16310004, 2016, 2, 0, 0, 0, 0, 0, 0, 0, 0, '', ''),
(1929, 63, 2, 16310004, 2016, 2, 0, 0, 0, 0, 0, 0, 0, 0, '', ''),
(1930, 64, 2, 16310004, 2016, 2, 0, 0, 0, 0, 0, 0, 0, 0, '', ''),
(1931, 65, 2, 16310004, 2016, 2, 0, 0, 0, 0, 0, 0, 0, 0, '', ''),
(1932, 59, 2, 16310005, 2016, 2, 0, 0, 0, 0, 0, 0, 0, 0, '', ''),
(1933, 60, 2, 16310005, 2016, 2, 0, 0, 0, 0, 0, 0, 0, 0, '', ''),
(1934, 62, 2, 16310005, 2016, 2, 0, 0, 0, 0, 0, 0, 0, 0, '', ''),
(1935, 63, 2, 16310005, 2016, 2, 0, 0, 0, 0, 0, 0, 0, 0, '', ''),
(1936, 64, 2, 16310005, 2016, 2, 0, 0, 0, 0, 0, 0, 0, 0, '', ''),
(1937, 65, 2, 16310005, 2016, 2, 0, 0, 0, 0, 0, 0, 0, 0, '', ''),
(1938, 59, 2, 16310006, 2016, 2, 0, 0, 0, 0, 0, 0, 0, 0, '', ''),
(1939, 60, 2, 16310006, 2016, 2, 0, 0, 0, 0, 0, 0, 0, 0, '', ''),
(1940, 62, 2, 16310006, 2016, 2, 0, 0, 0, 0, 0, 0, 0, 0, '', ''),
(1941, 63, 2, 16310006, 2016, 2, 0, 0, 0, 0, 0, 0, 0, 0, '', ''),
(1942, 64, 2, 16310006, 2016, 2, 0, 0, 0, 0, 0, 0, 0, 0, '', ''),
(1943, 65, 2, 16310006, 2016, 2, 0, 0, 0, 0, 0, 0, 0, 0, '', ''),
(1944, 59, 2, 16310008, 2016, 2, 0, 0, 0, 0, 0, 0, 0, 0, '', ''),
(1945, 60, 2, 16310008, 2016, 2, 0, 0, 0, 0, 0, 0, 0, 0, '', ''),
(1946, 62, 2, 16310008, 2016, 2, 0, 0, 0, 0, 0, 0, 0, 0, '', ''),
(1947, 63, 2, 16310008, 2016, 2, 0, 0, 0, 0, 0, 0, 0, 0, '', ''),
(1948, 64, 2, 16310008, 2016, 2, 0, 0, 0, 0, 0, 0, 0, 0, '', ''),
(1949, 65, 2, 16310008, 2016, 2, 0, 0, 0, 0, 0, 0, 0, 0, '', ''),
(1950, 59, 2, 16310010, 2016, 2, 0, 0, 0, 0, 0, 0, 0, 0, '', ''),
(1951, 60, 2, 16310010, 2016, 2, 0, 0, 0, 0, 0, 0, 0, 0, '', ''),
(1952, 62, 2, 16310010, 2016, 2, 0, 0, 0, 0, 0, 0, 0, 0, '', ''),
(1953, 63, 2, 16310010, 2016, 2, 0, 0, 0, 0, 0, 0, 0, 0, '', ''),
(1954, 64, 2, 16310010, 2016, 2, 0, 0, 0, 0, 0, 0, 0, 0, '', ''),
(1955, 65, 2, 16310010, 2016, 2, 0, 0, 0, 0, 0, 0, 0, 0, '', ''),
(1956, 59, 2, 16310011, 2016, 2, 0, 0, 0, 0, 0, 0, 0, 0, '', ''),
(1957, 60, 2, 16310011, 2016, 2, 0, 0, 0, 0, 0, 0, 0, 0, '', ''),
(1958, 62, 2, 16310011, 2016, 2, 0, 0, 0, 0, 0, 0, 0, 0, '', ''),
(1959, 63, 2, 16310011, 2016, 2, 0, 0, 0, 0, 0, 0, 0, 0, '', ''),
(1960, 64, 2, 16310011, 2016, 2, 0, 0, 0, 0, 0, 0, 0, 0, '', ''),
(1961, 65, 2, 16310011, 2016, 2, 0, 0, 0, 0, 0, 0, 0, 0, '', ''),
(1962, 59, 2, 16310012, 2016, 2, 0, 0, 0, 0, 0, 0, 0, 0, '', ''),
(1963, 60, 2, 16310012, 2016, 2, 0, 0, 0, 0, 0, 0, 0, 0, '', ''),
(1964, 62, 2, 16310012, 2016, 2, 0, 0, 0, 0, 0, 0, 0, 0, '', ''),
(1965, 63, 2, 16310012, 2016, 2, 0, 0, 0, 0, 0, 0, 0, 0, '', ''),
(1966, 64, 2, 16310012, 2016, 2, 0, 0, 0, 0, 0, 0, 0, 0, '', ''),
(1967, 65, 2, 16310012, 2016, 2, 0, 0, 0, 0, 0, 0, 0, 0, '', ''),
(1968, 59, 2, 16310013, 2016, 2, 0, 0, 0, 0, 0, 0, 0, 0, '', ''),
(1969, 60, 2, 16310013, 2016, 2, 0, 0, 0, 0, 0, 0, 0, 0, '', ''),
(1970, 62, 2, 16310013, 2016, 2, 0, 0, 0, 0, 0, 0, 0, 0, '', ''),
(1971, 63, 2, 16310013, 2016, 2, 0, 0, 0, 0, 0, 0, 0, 0, '', ''),
(1972, 64, 2, 16310013, 2016, 2, 0, 0, 0, 0, 0, 0, 0, 0, '', ''),
(1973, 65, 2, 16310013, 2016, 2, 0, 0, 0, 0, 0, 0, 0, 0, '', ''),
(1974, 59, 2, 16310014, 2016, 2, 0, 0, 0, 0, 0, 0, 0, 0, '', ''),
(1975, 60, 2, 16310014, 2016, 2, 0, 0, 0, 0, 0, 0, 0, 0, '', ''),
(1976, 62, 2, 16310014, 2016, 2, 0, 0, 0, 0, 0, 0, 0, 0, '', ''),
(1977, 63, 2, 16310014, 2016, 2, 0, 0, 0, 0, 0, 0, 0, 0, '', ''),
(1978, 64, 2, 16310014, 2016, 2, 0, 0, 0, 0, 0, 0, 0, 0, '', ''),
(1979, 65, 2, 16310014, 2016, 2, 0, 0, 0, 0, 0, 0, 0, 0, '', ''),
(1980, 66, 2, 15310001, 2015, 4, 0, 0, 0, 0, 0, 0, 0, 0, '', ''),
(1981, 67, 2, 15310001, 2015, 4, 0, 0, 0, 0, 0, 0, 0, 0, '', ''),
(1982, 66, 2, 15310002, 2015, 4, 0, 0, 0, 0, 0, 0, 0, 0, '', ''),
(1983, 67, 2, 15310002, 2015, 4, 0, 0, 0, 0, 0, 0, 0, 0, '', ''),
(1984, 66, 2, 15310003, 2015, 4, 0, 0, 0, 0, 0, 0, 0, 0, '', ''),
(1985, 67, 2, 15310003, 2015, 4, 0, 0, 0, 0, 0, 0, 0, 0, '', ''),
(1986, 66, 2, 15310004, 2015, 4, 0, 0, 0, 0, 0, 0, 0, 0, '', ''),
(1987, 67, 2, 15310004, 2015, 4, 0, 0, 0, 0, 0, 0, 0, 0, '', ''),
(1988, 66, 2, 15310005, 2015, 4, 0, 0, 0, 0, 0, 0, 0, 0, '', ''),
(1989, 67, 2, 15310005, 2015, 4, 0, 0, 0, 0, 0, 0, 0, 0, '', ''),
(1990, 66, 2, 15310006, 2015, 4, 0, 0, 0, 0, 0, 0, 0, 0, '', ''),
(1991, 67, 2, 15310006, 2015, 4, 0, 0, 0, 0, 0, 0, 0, 0, '', ''),
(1992, 66, 2, 15310007, 2015, 4, 0, 0, 0, 0, 0, 0, 0, 0, '', ''),
(1993, 67, 2, 15310007, 2015, 4, 0, 0, 0, 0, 0, 0, 0, 0, '', ''),
(1994, 66, 2, 15310008, 2015, 4, 0, 0, 0, 0, 0, 0, 0, 0, '', ''),
(1995, 67, 2, 15310008, 2015, 4, 0, 0, 0, 0, 0, 0, 0, 0, '', ''),
(1996, 66, 2, 15310009, 2015, 4, 0, 0, 0, 0, 0, 0, 0, 0, '', ''),
(1997, 67, 2, 15310009, 2015, 4, 0, 0, 0, 0, 0, 0, 0, 0, '', ''),
(1998, 66, 2, 15310010, 2015, 4, 0, 0, 0, 0, 0, 0, 0, 0, '', ''),
(1999, 67, 2, 15310010, 2015, 4, 0, 0, 0, 0, 0, 0, 0, 0, '', ''),
(2000, 66, 2, 15310011, 2015, 4, 0, 0, 0, 0, 0, 0, 0, 0, '', ''),
(2001, 67, 2, 15310011, 2015, 4, 0, 0, 0, 0, 0, 0, 0, 0, '', ''),
(2005, 44, 1, 16378002, 2016, 2, 0, 0, 0, 0, 0, 0, 0, 0, '', ''),
(2006, 56, 1, 15378001, 2015, 4, 0, 0, 0, 0, 0, 0, 0, 0, '', ''),
(2007, 52, 1, 15378001, 2015, 4, 0, 0, 0, 0, 0, 0, 0, 0, '', '');

-- --------------------------------------------------------

--
-- Table structure for table `menu`
--

CREATE TABLE `menu` (
  `id` int(2) NOT NULL,
  `name` varchar(30) DEFAULT NULL,
  `menu_id` varchar(30) DEFAULT NULL,
  `link` varchar(50) NOT NULL,
  `access` varchar(10) DEFAULT NULL,
  `parent_id` int(2) NOT NULL
) ENGINE=InnoDB DEFAULT CHARSET=latin1;

--
-- Dumping data for table `menu`
--

INSERT INTO `menu` (`id`, `name`, `menu_id`, `link`, `access`, `parent_id`) VALUES
(1, 'Home', 'home', 'home', '6', 0),
(2, 'Departments / Centres', 'dept', '#', '1', 0),
(3, 'Courses', 'courses', 'course/list_courses', '1', 0),
(4, 'Subjects', 'subjects', 'course/list_subjects', '1', 0),
(5, 'Users', 'users', '<?php echo base_url(''member/listusers'')?>', '2', 0),
(6, 'Courses', 'courses', '<?php echo base_url(''course/listcourses'')?>', '2', 0);

-- --------------------------------------------------------

--
-- Table structure for table `persons`
--

CREATE TABLE `persons` (
  `id` int(11) UNSIGNED NOT NULL,
  `firstName` varchar(100) DEFAULT NULL,
  `lastName` varchar(100) DEFAULT NULL,
  `gender` enum('male','female') DEFAULT NULL,
  `address` varchar(200) DEFAULT NULL,
  `dob` date DEFAULT NULL
) ENGINE=InnoDB DEFAULT CHARSET=utf8;

--
-- Dumping data for table `persons`
--

INSERT INTO `persons` (`id`, `firstName`, `lastName`, `gender`, `address`, `dob`) VALUES
(1, 'Airi', 'Satou', 'female', 'Tokyo', '1964-03-04'),
(2, 'Garrett', 'Winters', 'male', 'Tokyo', '1988-09-02'),
(3, 'John', 'Doe', 'male', 'Kansas', '1972-11-02'),
(4, 'Tatyana', 'Fitzpatrick', 'male', 'London', '1989-01-01'),
(5, 'Quinn', 'Flynn', 'male', 'Edinburgh', '1977-03-24');

-- --------------------------------------------------------

--
-- Table structure for table `semester_enroll`
--

CREATE TABLE `semester_enroll` (
  `id` int(4) NOT NULL,
  `course_id` int(3) NOT NULL,
  `semester` int(1) NOT NULL,
  `year` int(4) NOT NULL
) ENGINE=InnoDB DEFAULT CHARSET=latin1;

-- --------------------------------------------------------

--
-- Table structure for table `students`
--

CREATE TABLE `students` (
  `id` int(4) NOT NULL,
  `name` varchar(30) NOT NULL,
  `reg_number` int(10) NOT NULL,
  `year_joined` year(4) NOT NULL,
  `course_id` int(3) NOT NULL,
  `dept_id` int(3) NOT NULL,
  `finalized` tinyint(1) NOT NULL DEFAULT '0',
  `created` datetime NOT NULL DEFAULT CURRENT_TIMESTAMP
) ENGINE=InnoDB DEFAULT CHARSET=latin1;

--
-- Dumping data for table `students`
--

INSERT INTO `students` (`id`, `name`, `reg_number`, `year_joined`, `course_id`, `dept_id`, `finalized`, `created`) VALUES
(267, 'AJIT KUMAR', 15378001, 2015, 1, 1, 0, '2017-04-16 02:52:55'),
(268, 'ANIL KUMAR BAIDYA', 15378002, 2015, 1, 1, 0, '2017-04-16 02:52:55'),
(269, 'BIKASHITA KALITA', 15378003, 2015, 1, 1, 0, '2017-04-16 02:52:55'),
(270, 'BRINDANGNANAM. P', 15378004, 2015, 1, 1, 0, '2017-04-16 02:52:55'),
(271, 'CHANDRA JYOTI SINGHA', 15378005, 2015, 1, 1, 0, '2017-04-16 02:52:55'),
(272, 'CHAYANIKA GOSWAMI', 15378006, 2015, 1, 1, 0, '2017-04-16 02:52:55'),
(273, 'DHANASREE. B', 15378007, 2015, 1, 1, 0, '2017-04-16 02:52:55'),
(274, 'DHANASRIANAND. A', 15378008, 2015, 1, 1, 0, '2017-04-16 02:52:55'),
(275, 'GURUMAYUM SANATHOI SHARMA', 15378011, 2015, 1, 1, 0, '2017-04-16 02:52:55'),
(276, 'JUI BHATTACHARYA', 15378012, 2015, 1, 1, 0, '2017-04-16 02:52:55'),
(277, 'KAYATHRI. K', 15378013, 2015, 1, 1, 0, '2017-04-16 02:52:55'),
(278, 'KONDAPURAM SREE KARANI', 15378014, 2015, 1, 1, 0, '2017-04-16 02:52:55'),
(279, 'PANCHAL NAGESH KISHAN', 15378015, 2015, 1, 1, 0, '2017-04-16 02:52:55'),
(280, 'RAHUL BRAHMA', 15378016, 2015, 1, 1, 0, '2017-04-16 02:52:55'),
(281, 'RAJESH KONDABALA', 15378017, 2015, 1, 1, 0, '2017-04-16 02:52:55'),
(282, 'RANJAN JYOTI SARMA', 15378018, 2015, 1, 1, 0, '2017-04-16 02:52:55'),
(283, 'ROKTIMA TAMULI', 15378019, 2015, 1, 1, 0, '2017-04-16 02:52:55'),
(284, 'SANGRAM KESHARI SAHU', 15378020, 2015, 1, 1, 0, '2017-04-16 02:52:55'),
(285, 'SURABHI LATA', 15378021, 2015, 1, 1, 0, '2017-04-16 02:52:55'),
(286, 'SUSMITA CHOWDHURY', 15378022, 2015, 1, 1, 0, '2017-04-16 02:52:55'),
(287, 'T. SAYAMSMRUTI PANDA', 15378023, 2015, 1, 1, 0, '2017-04-16 02:52:55'),
(288, 'TAMIZHMATHI. B', 15378024, 2015, 1, 1, 0, '2017-04-16 02:52:56'),
(289, 'VISHAKHA GUPTA', 15378025, 2015, 1, 1, 0, '2017-04-16 02:52:56'),
(290, 'AISHANI KOCH', 16378002, 2016, 1, 1, 0, '2017-04-16 02:53:06'),
(291, 'AISHWARYA SWAIN', 16378003, 2016, 1, 1, 0, '2017-04-16 02:53:06'),
(292, 'ANAMIKA ACHARYYA', 16378004, 2016, 1, 1, 0, '2017-04-16 02:53:06'),
(293, 'ANJANA G K PAI', 16378005, 2016, 1, 1, 0, '2017-04-16 02:53:06'),
(294, 'ARUMUGAM', 16378006, 2016, 1, 1, 0, '2017-04-16 02:53:06'),
(295, 'BHITUMONI BRAHMA', 16378007, 2016, 1, 1, 0, '2017-04-16 02:53:06'),
(296, 'CHINMAYI G', 16378009, 2016, 1, 1, 0, '2017-04-16 02:53:07'),
(297, 'DHINESH KUMAR K', 16378011, 2016, 1, 1, 0, '2017-04-16 02:53:07'),
(298, 'EZHILARASI N', 16378013, 2016, 1, 1, 0, '2017-04-16 02:53:07'),
(299, 'GAIKWAD MITHIL RATNAKAR', 16378014, 2016, 1, 1, 0, '2017-04-16 02:53:07'),
(300, 'GOPALAKRISHNAN G', 16378015, 2016, 1, 1, 0, '2017-04-16 02:53:07'),
(301, 'HIMADRI NATH', 16378016, 2016, 1, 1, 0, '2017-04-16 02:53:07'),
(302, 'IRAWATI ROY', 16378017, 2016, 1, 1, 0, '2017-04-16 02:53:07'),
(303, 'JEEVA THAMIZHARASAN   J', 16378018, 2016, 1, 1, 0, '2017-04-16 02:53:07'),
(304, 'JONATHAN LALRINCHHANA', 16378019, 2016, 1, 1, 0, '2017-04-16 02:53:07'),
(305, 'M TINCYMOL', 16378020, 2016, 1, 1, 0, '2017-04-16 02:53:07'),
(306, 'MAHESH SAMANTARAY', 16378021, 2016, 1, 1, 0, '2017-04-16 02:53:07'),
(307, 'PETRINA J', 16378023, 2016, 1, 1, 0, '2017-04-16 02:53:07'),
(308, 'PM DEEPSHIKA', 16378024, 2016, 1, 1, 0, '2017-04-16 02:53:07'),
(309, 'PREETHI MARIYAPPAN', 16378025, 2016, 1, 1, 0, '2017-04-16 02:53:07'),
(310, 'R. LALHMINGSANGI', 16378026, 2016, 1, 1, 0, '2017-04-16 02:53:07'),
(311, 'RADUL R DEV', 16378027, 2016, 1, 1, 0, '2017-04-16 02:53:07'),
(312, 'RAHUL MALLICK', 16378028, 2016, 1, 1, 0, '2017-04-16 02:53:07'),
(313, 'RAMI B', 16378029, 2016, 1, 1, 0, '2017-04-16 02:53:07'),
(314, 'RAMKUMAR R', 16378030, 2016, 1, 1, 0, '2017-04-16 02:53:07'),
(315, 'RUBAVATHI. R', 16378032, 2016, 1, 1, 0, '2017-04-16 02:53:07'),
(316, 'S AJITHA', 16378033, 2016, 1, 1, 0, '2017-04-16 02:53:07'),
(317, 'S SMITHA', 16378034, 2016, 1, 1, 0, '2017-04-16 02:53:07'),
(318, 'SARAN S', 16378035, 2016, 1, 1, 0, '2017-04-16 02:53:07'),
(319, 'SAYAN BISWAS', 16378036, 2016, 1, 1, 0, '2017-04-16 02:53:07'),
(320, 'SONALI CHATTERJEE', 16378037, 2016, 1, 1, 0, '2017-04-16 02:53:07'),
(321, 'THENMOZHI. K', 16378038, 2016, 1, 1, 0, '2017-04-16 02:53:08'),
(322, 'VAIBHAV SINGH', 16378039, 2016, 1, 1, 0, '2017-04-16 02:53:08'),
(323, 'ARUN. R', 16378040, 2016, 1, 1, 0, '2017-04-16 02:53:08'),
(324, 'Ashwin Ramaswamy', 15310001, 2015, 2, 1, 0, '2017-04-16 02:53:51'),
(325, 'Dibas Dasgupta', 15310002, 2015, 2, 1, 0, '2017-04-16 02:53:51'),
(326, 'Dimple Saikia', 15310003, 2015, 2, 1, 0, '2017-04-16 02:53:51'),
(327, 'Hemavathy Nagarajan', 15310004, 2015, 2, 1, 0, '2017-04-16 02:53:51'),
(328, 'Malathi. D', 15310005, 2015, 2, 1, 0, '2017-04-16 02:53:51'),
(329, 'Mohd. Aqueel Khan', 15310006, 2015, 2, 1, 0, '2017-04-16 02:53:51'),
(330, 'Shamik Chowdhury', 15310007, 2015, 2, 1, 0, '2017-04-16 02:53:51'),
(331, 'Shibla. A', 15310008, 2015, 2, 1, 0, '2017-04-16 02:53:51'),
(332, 'Sikha Morang', 15310009, 2015, 2, 1, 0, '2017-04-16 02:53:51'),
(333, 'Sudhakar. S', 15310010, 2015, 2, 1, 0, '2017-04-16 02:53:51'),
(334, 'Swathik Clarancia. P', 15310011, 2015, 2, 1, 0, '2017-04-16 02:53:51'),
(335, 'ASWANI KRISHNA P', 16310001, 2016, 2, 1, 0, '2017-04-16 02:54:43'),
(336, 'ANINDITA RAO', 16310002, 2016, 2, 1, 0, '2017-04-16 02:54:43'),
(337, 'B KARTHIKA', 16310003, 2016, 2, 1, 0, '2017-04-16 02:54:43'),
(338, 'ELLA PATHAK', 16310004, 2016, 2, 1, 0, '2017-04-16 02:54:43'),
(339, 'JANANI S', 16310005, 2016, 2, 1, 0, '2017-04-16 02:54:43'),
(340, 'N RUPESH', 16310006, 2016, 2, 1, 0, '2017-04-16 02:54:43'),
(341, 'PRAGYA KESARWANI', 16310008, 2016, 2, 1, 0, '2017-04-16 02:54:43'),
(342, 'PREETHIBA G', 16310010, 2016, 2, 1, 0, '2017-04-16 02:54:43'),
(343, 'RAJU MANDAL', 16310011, 2016, 2, 1, 0, '2017-04-16 02:54:43'),
(344, 'RUCHI RANI', 16310012, 2016, 2, 1, 0, '2017-04-16 02:54:43'),
(345, 'SANTHIYA P', 16310013, 2016, 2, 1, 0, '2017-04-16 02:54:43'),
(346, 'SHILPA SRI PUSHAN', 16310014, 2016, 2, 1, 0, '2017-04-16 02:54:43');

-- --------------------------------------------------------

--
-- Table structure for table `subjects`
--

CREATE TABLE `subjects` (
  `id` int(3) NOT NULL,
  `name` varchar(256) NOT NULL,
  `credits` int(2) NOT NULL,
  `course_code` varchar(10) NOT NULL,
  `course_id` int(3) NOT NULL,
  `semester` int(1) NOT NULL,
  `core` char(1) NOT NULL,
  `type` varchar(10) NOT NULL,
  `created` datetime NOT NULL DEFAULT CURRENT_TIMESTAMP
) ENGINE=InnoDB DEFAULT CHARSET=latin1;

--
-- Dumping data for table `subjects`
--

INSERT INTO `subjects` (`id`, `name`, `credits`, `course_code`, `course_id`, `semester`, `core`, `type`, `created`) VALUES
(42, 'Genomics  and  Proteomics', 3, 'BINF   491', 1, 2, 'H', '', '2017-04-08 20:30:05'),
(43, 'Bioinformatics: Sequence Analysis', 3, 'BINF   492', 1, 2, 'H', '', '2017-04-08 20:30:05'),
(44, 'Probability and statistics', 2, 'BINF   493', 1, 2, 'S', '', '2017-04-08 20:30:05'),
(45, 'Programming in Java', 3, 'BINF   494', 1, 2, 'H', '', '2017-04-08 20:30:05'),
(46, 'Database management System', 3, 'BINF   495', 1, 2, 'H', '', '2017-04-08 20:30:05'),
(47, 'Fundamentals of Algorithms', 3, 'BINF   496', 1, 2, 'H', '', '2017-04-08 20:30:05'),
(48, 'Microscopic Techniques For Image Processing', 2, 'BINF   497', 1, 2, 'S', '', '2017-04-08 20:30:05'),
(49, 'Lab- Programming in Java', 1, 'BINF   486', 1, 2, 'H', '', '2017-04-08 20:30:05'),
(50, 'Lab- Programming in DBMS', 1, 'BINF   487', 1, 2, 'H', '', '2017-04-08 20:30:05'),
(51, 'Lab- Bio-sequence Analysis', 1, 'BINF   488', 1, 2, 'H', '', '2017-04-08 20:30:05'),
(52, 'Analytical Techniques', 3, 'BINF 591', 1, 4, 'S', '', '2017-04-08 20:30:05'),
(53, 'Bioethics, Biodiversity and Intellectual Property Rights', 3, 'BINF 592', 1, 4, 'H', '', '2017-04-08 20:30:05'),
(54, 'R language and Bioconductor', 3, 'BINF 593', 1, 4, 'S', '', '2017-04-08 20:30:05'),
(55, 'Project', 5, 'BINF 599', 1, 4, 'H', '', '2017-04-08 20:30:05'),
(56, 'Introduction to Bioinformatics', 3, 'BINF449', 1, 1, 'S', '', '2017-04-08 20:30:05'),
(57, 'Lab – Bioinformatics Data Baes & Tools', 1, 'BINF485', 1, 1, 'S', '', '2017-04-08 20:30:05'),
(58, 'Mathematics for  Biosciences', 3, 'CBIO  621', 2, 2, 'S', '', '2017-04-08 20:30:05'),
(59, 'Java and Biojava in Computational biology', 3, 'CBIO  623', 2, 2, 'H', '', '2017-04-08 20:30:05'),
(60, 'Drug discovery and IPR', 3, 'CBIO  624', 2, 2, 'H', '', '2017-04-08 20:30:06'),
(61, 'Molecular Evolution', 3, 'CBIO  625', 2, 2, 'S', '', '2017-04-08 20:30:06'),
(62, 'Genomics  and Proteomics', 3, 'CBIO  626', 2, 2, 'H', '', '2017-04-08 20:30:06'),
(63, 'Structural Biology', 3, 'CBIO  627', 2, 2, 'H', '', '2017-04-08 20:30:06'),
(64, 'Lab - Structural Biology', 1, 'CBIO  655', 2, 2, 'H', '', '2017-04-08 20:30:06'),
(65, 'Lab - Programming in Java', 1, 'CBIO  656', 2, 2, 'H', '', '2017-04-08 20:30:06'),
(66, 'Genetic Engineering -(rDNA Technology)', 3, 'CBIO 722', 2, 4, 'H', '', '2017-04-08 20:30:06'),
(67, 'Project', 8, 'CBIO 723', 2, 4, 'H', '', '2017-04-08 20:30:06'),
(68, 'Nano Technology and its advancement', 3, 'NANO 324', 4, 2, 'S', '', '2017-04-16 08:06:05');

-- --------------------------------------------------------

--
-- Table structure for table `subject_allocation`
--

CREATE TABLE `subject_allocation` (
  `id` int(3) NOT NULL,
  `subject_id` int(4) NOT NULL,
  `user_id` int(3) NOT NULL,
  `finalized` tinyint(1) NOT NULL DEFAULT '0',
  `course_id` int(3) NOT NULL,
  `semester` int(1) NOT NULL,
  `year` int(4) NOT NULL
) ENGINE=InnoDB DEFAULT CHARSET=latin1;

--
-- Dumping data for table `subject_allocation`
--

INSERT INTO `subject_allocation` (`id`, `subject_id`, `user_id`, `finalized`, `course_id`, `semester`, `year`) VALUES
(38, 42, 5, 1, 1, 2, 2017),
(39, 43, 12, 1, 1, 2, 2017),
(40, 46, 17, 1, 1, 2, 2017),
(41, 45, 18, 1, 1, 2, 2017),
(42, 47, 17, 1, 1, 2, 2017),
(43, 49, 18, 1, 1, 2, 2017),
(44, 50, 17, 1, 1, 2, 2017),
(45, 51, 14, 1, 1, 2, 2017),
(46, 53, 11, 1, 1, 4, 2017),
(47, 0, 48, 0, 1, 0, 2017);

-- --------------------------------------------------------

--
-- Table structure for table `tbl_usrs`
--

CREATE TABLE `tbl_usrs` (
  `id` int(8) NOT NULL,
  `username` varchar(30) NOT NULL,
  `password` varchar(40) NOT NULL,
  `email` varchar(60) NOT NULL,
  `status` varchar(8) NOT NULL
) ENGINE=MyISAM DEFAULT CHARSET=latin1;

--
-- Dumping data for table `tbl_usrs`
--

INSERT INTO `tbl_usrs` (`id`, `username`, `password`, `email`, `status`) VALUES
(1, 'admin', '21232f297a57a5a743894a0e4a801fc3', 'admin@mydomain.com', 'active'),
(2, 'malan', '21232f297a57a5a743894a0e4a801fc3', 'malan@gmail.com', 'active');

-- --------------------------------------------------------

--
-- Table structure for table `users`
--

CREATE TABLE `users` (
  `id` int(11) NOT NULL,
  `oauth_provider` varchar(255) COLLATE utf8_unicode_ci NOT NULL,
  `oauth_uid` varchar(255) COLLATE utf8_unicode_ci NOT NULL,
  `first_name` varchar(255) COLLATE utf8_unicode_ci NOT NULL,
  `last_name` varchar(255) COLLATE utf8_unicode_ci NOT NULL,
  `username` varchar(12) COLLATE utf8_unicode_ci NOT NULL,
  `password` varchar(100) COLLATE utf8_unicode_ci NOT NULL,
  `email` varchar(255) COLLATE utf8_unicode_ci NOT NULL,
  `gender` varchar(10) COLLATE utf8_unicode_ci NOT NULL,
  `locale` varchar(10) COLLATE utf8_unicode_ci NOT NULL,
  `picture_url` varchar(255) COLLATE utf8_unicode_ci NOT NULL,
  `profile_url` varchar(255) COLLATE utf8_unicode_ci NOT NULL,
  `created` datetime NOT NULL,
  `modified` datetime NOT NULL,
  `status` varchar(10) COLLATE utf8_unicode_ci NOT NULL,
  `role` int(1) NOT NULL,
  `dept` int(2) NOT NULL
) ENGINE=InnoDB DEFAULT CHARSET=utf8 COLLATE=utf8_unicode_ci;

--
-- Dumping data for table `users`
--

INSERT INTO `users` (`id`, `oauth_provider`, `oauth_uid`, `first_name`, `last_name`, `username`, `password`, `email`, `gender`, `locale`, `picture_url`, `profile_url`, `created`, `modified`, `status`, `role`, `dept`) VALUES
(1, '', '', 'Malan', '', 'admin', '21232f297a57a5a743894a0e4a801fc3', '', '', '', '', '', '2017-03-19 00:00:00', '0000-00-00 00:00:00', 'active', 1, 0),
(3, '', '', 'Dr. Basant K. Tiwary', '', 'basant', '21232f297a57a5a743894a0e4a801fc3', '', '', '', '', '', '2017-03-19 00:00:00', '2017-04-10 07:28:21', 'active', 3, 1),
(4, '', '', 'Dr. Dinakara Rao A.', '', 'dinakar', '21232f297a57a5a743894a0e4a801fc3', '', '', '', '', '', '2017-03-19 00:00:00', '2017-04-10 07:28:34', 'active', 3, 1),
(5, '', '', 'Dr. P. T. V. Lakshmi', '', 'lakshmi', '21232f297a57a5a743894a0e4a801fc3', '', '', '', '', '', '2017-03-19 00:00:00', '2017-04-10 07:28:42', 'active', 3, 1),
(6, '', '', 'Prof. H Surya Prakash Rao', '', 'hsp', '21232f297a57a5a743894a0e4a801fc3', '', '', '', '', '', '2017-03-19 00:00:00', '0000-00-00 00:00:00', 'active', 2, 1),
(7, '', '', 'Shivarajan', '', 'siva', '21232f297a57a5a743894a0e4a801fc3', '', '', '', '', '', '2017-03-19 02:27:30', '2017-03-31 15:45:28', 'active', 4, 1),
(9, '', '', 'Daranikarasu', '', 'darani', '21232f297a57a5a743894a0e4a801fc3', '', '', '', '', '', '2017-03-19 08:27:31', '0000-00-00 00:00:00', 'active', 0, 0),
(10, '', '', 'Dr. R. Krishna', '', 'rkrishna', '21232f297a57a5a743894a0e4a801fc3', '', '', '', '', '', '2017-04-10 07:25:37', '0000-00-00 00:00:00', 'active', 3, 1),
(11, '', '', 'Dr. Suresh Kumar', '', 'ksuresh', '21232f297a57a5a743894a0e4a801fc3', '', '', '', '', '', '2017-04-10 07:26:06', '0000-00-00 00:00:00', 'active', 3, 1),
(12, '', '', 'Dr. Archana Pan', '', 'archana', '21232f297a57a5a743894a0e4a801fc3', '', '', '', '', '', '2017-04-10 07:27:16', '0000-00-00 00:00:00', 'active', 3, 1),
(13, '', '', 'Dr. R. Amutha', '', 'ramutha', '21232f297a57a5a743894a0e4a801fc3', '', '', '', '', '', '2017-04-10 07:27:52', '0000-00-00 00:00:00', 'active', 3, 1),
(14, '', '', 'Dr. B. Syed Ibrahim', '', 'bsyed', '21232f297a57a5a743894a0e4a801fc3', '', '', '', '', '', '2017-04-10 07:29:36', '0000-00-00 00:00:00', 'active', 3, 1),
(15, '', '', 'Dr. A. Murali', '', 'amurali', '21232f297a57a5a743894a0e4a801fc3', '', '', '', '', '', '2017-04-10 07:30:28', '0000-00-00 00:00:00', 'active', 3, 1),
(16, '', '', 'Dr. S. Mohane Coumar', '', 'smohane', '21232f297a57a5a743894a0e4a801fc3', '', '', '', '', '', '2017-04-10 07:30:54', '0000-00-00 00:00:00', 'active', 3, 1),
(17, '', '', 'Dr. V. Amouda', '', 'amouda', '21232f297a57a5a743894a0e4a801fc3', '', '', '', '', '', '2017-04-10 07:31:13', '2017-04-10 12:47:06', 'active', 3, 1),
(18, '', '', 'Ms. Yazhini', '', 'yazhini', '21232f297a57a5a743894a0e4a801fc3', '', '', '', '', '', '2017-04-10 07:31:32', '0000-00-00 00:00:00', 'active', 3, 1),
(19, '', '', 'Sundara mohan', '', 'msm', 'e10adc3949ba59abbe56e057f20f883e', '', '', '', '', '', '2017-04-10 12:11:50', '0000-00-00 00:00:00', 'active', 3, 1);

-- --------------------------------------------------------

--
-- Table structure for table `user_role`
--

CREATE TABLE `user_role` (
  `id` int(1) NOT NULL,
  `name` varchar(15) DEFAULT NULL,
  `role` int(2) DEFAULT NULL
) ENGINE=InnoDB DEFAULT CHARSET=latin1;

--
-- Dumping data for table `user_role`
--

INSERT INTO `user_role` (`id`, `name`, `role`) VALUES
(1, 'disable', 0),
(2, 'Admin', 1),
(3, 'HOD', 2),
(4, 'Faculty', 3),
(5, 'DEO', 4),
(6, 'Student', 5),
(7, 'all', 6);

--
-- Indexes for dumped tables
--

--
-- Indexes for table `ci_sessions`
--
ALTER TABLE `ci_sessions`
  ADD KEY `ci_sessions_timestamp` (`timestamp`);

--
-- Indexes for table `courses`
--
ALTER TABLE `courses`
  ADD PRIMARY KEY (`id`);

--
-- Indexes for table `departments`
--
ALTER TABLE `departments`
  ADD PRIMARY KEY (`id`);

--
-- Indexes for table `marks`
--
ALTER TABLE `marks`
  ADD PRIMARY KEY (`id`);

--
-- Indexes for table `menu`
--
ALTER TABLE `menu`
  ADD PRIMARY KEY (`id`);

--
-- Indexes for table `persons`
--
ALTER TABLE `persons`
  ADD PRIMARY KEY (`id`);

--
-- Indexes for table `students`
--
ALTER TABLE `students`
  ADD PRIMARY KEY (`id`);

--
-- Indexes for table `subjects`
--
ALTER TABLE `subjects`
  ADD PRIMARY KEY (`id`);

--
-- Indexes for table `subject_allocation`
--
ALTER TABLE `subject_allocation`
  ADD PRIMARY KEY (`id`);

--
-- Indexes for table `tbl_usrs`
--
ALTER TABLE `tbl_usrs`
  ADD PRIMARY KEY (`id`);

--
-- Indexes for table `users`
--
ALTER TABLE `users`
  ADD PRIMARY KEY (`id`);

--
-- Indexes for table `user_role`
--
ALTER TABLE `user_role`
  ADD PRIMARY KEY (`id`);

--
-- AUTO_INCREMENT for dumped tables
--

--
-- AUTO_INCREMENT for table `courses`
--
ALTER TABLE `courses`
  MODIFY `id` int(4) NOT NULL AUTO_INCREMENT, AUTO_INCREMENT=5;
--
-- AUTO_INCREMENT for table `departments`
--
ALTER TABLE `departments`
  MODIFY `id` int(2) NOT NULL AUTO_INCREMENT, AUTO_INCREMENT=3;
--
-- AUTO_INCREMENT for table `marks`
--
ALTER TABLE `marks`
  MODIFY `id` int(11) NOT NULL AUTO_INCREMENT, AUTO_INCREMENT=2008;
--
-- AUTO_INCREMENT for table `menu`
--
ALTER TABLE `menu`
  MODIFY `id` int(2) NOT NULL AUTO_INCREMENT, AUTO_INCREMENT=7;
--
-- AUTO_INCREMENT for table `persons`
--
ALTER TABLE `persons`
  MODIFY `id` int(11) UNSIGNED NOT NULL AUTO_INCREMENT, AUTO_INCREMENT=6;
--
-- AUTO_INCREMENT for table `students`
--
ALTER TABLE `students`
  MODIFY `id` int(4) NOT NULL AUTO_INCREMENT, AUTO_INCREMENT=347;
--
-- AUTO_INCREMENT for table `subjects`
--
ALTER TABLE `subjects`
  MODIFY `id` int(3) NOT NULL AUTO_INCREMENT, AUTO_INCREMENT=69;
--
-- AUTO_INCREMENT for table `subject_allocation`
--
ALTER TABLE `subject_allocation`
  MODIFY `id` int(3) NOT NULL AUTO_INCREMENT, AUTO_INCREMENT=48;
--
-- AUTO_INCREMENT for table `tbl_usrs`
--
ALTER TABLE `tbl_usrs`
  MODIFY `id` int(8) NOT NULL AUTO_INCREMENT, AUTO_INCREMENT=3;
--
-- AUTO_INCREMENT for table `users`
--
ALTER TABLE `users`
  MODIFY `id` int(11) NOT NULL AUTO_INCREMENT, AUTO_INCREMENT=20;
--
-- AUTO_INCREMENT for table `user_role`
--
ALTER TABLE `user_role`
  MODIFY `id` int(1) NOT NULL AUTO_INCREMENT, AUTO_INCREMENT=8;
/*!40101 SET CHARACTER_SET_CLIENT=@OLD_CHARACTER_SET_CLIENT */;
/*!40101 SET CHARACTER_SET_RESULTS=@OLD_CHARACTER_SET_RESULTS */;
/*!40101 SET COLLATION_CONNECTION=@OLD_COLLATION_CONNECTION */;
